Name,BSE Code,NSE Code,ISIN Code,Industry Group,Industry,Current Price,Profit growth,Profit growth 3Years,Sales growth,Sales growth 3Years,Return on capital employed,Average return on capital employed 3Years,rocev2,epsgeni,gordanIV,discount2,discount1,geniscore1,momentumscore,CashFlow,master score,epsgrowthbydiscount,epsgrowthbydiscount2,epsgrowthbyprice2,accumulation,roicreinv,Return over 1week,Return over 1month,Return over 3months,volumeincr,rsiincr,equityreduce,debtgeni,epsgrowth,Canslim,capacity expansion,BSchklist,cyclicaltriggers,margin,garp,fundamental value,Volume,Volume 1week average,Volume 1month average,debtreduce,npmargin,opmargin,pubholdingdecr,Quarterly Growers,YOY Quarterly sales growth,YOY Quarterly profit growth,Price to Earning,Promoter holding,Change in promoter holding,Industry PE,DMA 50,DMA 200,DMA 50 previous day,DMA 200 previous day,Market Capitalization
Accelya Solution,532268,ACCELYA,INE793A01012,IT - Software,Computers - Software & Consulting,1352.2,8.33,18.76,5.25,12.8,53.61,55.59,1.87,1.01,0.12,0.31,-0.21,5.65,3,1.27,9,-0.08,0.26,0.21,0,0,3,3.06,-9.84,0,1,0,1,0.84,0,0,7,3,0.11,0,0,23343,15206,34388,0,-0.02,0.2,0,0,7.14,-8.78,16,74.66,0,25.69,1332.38,1392.79,1331.57,1393.19,2018.33
Action Const.Eq.,532762,ACE,INE731H01025,"Agricultural, Commercial & Construction Vehicles",Construction Vehicles,848.15,14.31,57.26,4.95,26.86,40.11,36.19,1.12,1.02,0.09,0.36,0.09,2.97,0,0.22,5,0.03,0.32,0.95,0,0,-7.12,-8.33,-21.93,0,0,0,1,0.88,0,0,7,1,0.07,0,0,314775,231054,192761,0,0.02,0.11,0,0,-1.65,-5.01,24.16,65.42,0,33.35,961.54,1078.72,966.16,1081.04,10100.04
AGI Infra,539042,AGIIL,INE976R01033,Realty,"Residential, Commercial Projects",283.4,36.97,22.34,16.11,18.03,22.03,25.8,0.67,3.01,0.04,0.2,-1.31,2.7,2,0.06,8,0,0.22,1.13,0,0,-2.01,8.71,5.79,0,1,0,0,1.11,0,1,8,3,0.19,0,0,2366255,1114597,1850534,0,0.13,0.23,0,1,9.98,26.36,45.04,72.94,0,33.22,268.32,229.56,267.7,229.02,3462.22
Alldigi Tech,532633,ALLDIGI,INE835G01018,Commercial Services & Supplies,Business Process Outsourcing (BPO)/ Knowledge Process Outsourcing (KPO),818.95,16.4,26.79,13.06,19.87,31.36,29.01,0.96,3.01,0.09,0.35,0.08,6.55,0,1.04,9,0.07,0.41,1.14,0,0,0.04,-1.18,-5.56,0,0,0,1,1.19,0,1,6,4,0.1,0,0,3195,3487,3829,0,0.06,0.13,0,0,12.17,49.7,17.25,73.39,0,35.93,846.19,903.16,847.31,904.01,1247.94
Angel One,543235,ANGELONE,INE732I01013,Capital Markets,Stockbroking & Allied,2752.2,-42.48,23.31,-14.56,31.73,25.8,36.15,0.82,1.01,0.06,0.32,-0.2,1.76,5,-0.19,10,-0.22,0.35,0.06,1,0,17.94,11.02,10.24,1,1,0,0,1.12,0,1,9,3,0.11,0,0,5839157,2415687,1185041,0,-0.07,0.24,0,1,5.76,-4.55,32.5,28.91,-0.06,20.56,2512.29,2541.44,2502.5,2539.32,25005.24
Apar Inds.,532259,APARINDS,INE372A01015,Electrical Equipment,Other Electrical Equipment,7410.5,10.5,48.21,21.19,25.87,32.7,42.6,0.8,1.01,0.07,0.27,-0.32,1.41,0,0.1,6,-0.36,0.26,1.07,0,0,-9.5,-13.92,-14.72,0,0,0,0,0.98,0,0,5,2,-0.02,0,0,94934,90146,58950,0,-0.06,0.01,1,0,23.06,29.82,31.68,57.77,0,28.08,8475.6,8340.77,8519.07,8350.12,29766.73
Arrow Greentech,516064,ARROWGREEN,INE570D01018,Industrial Products,Packaging,475.05,-5.39,104.58,4.16,93.34,53.25,36.48,1.64,2.06,0.19,0.5,0.28,6.08,0,0.5,7,0.44,0.72,1.46,0,0,-2.11,-7.18,-13.83,0,0,0,1,1.43,0,0,8,2,0.18,0,0,10437,18607,20851,1,0.12,0.21,0,0,-5.81,-15.65,14.07,64.81,0,19.66,524.31,586.15,526.32,587.26,716.75
Ashapura Minech.,527001,ASHAPURMIN,INE348A01023,Minerals & Mining,Industrial Minerals,814.75,157.38,60.18,50.87,28.93,18.64,17.35,0.65,1.03,0.1,0.33,-0.07,2.52,0,-0.09,8,-0.04,0.3,0.98,0,0,-6.03,5.8,22.37,0,0,0,0,0.93,0,1,5,1,0.24,1,0,759994,643980,925686,0,0.36,0.17,1,0,57.67,117.93,19.54,47.88,0.09,21.41,782.82,609.17,781.52,607.1,7782.99
Ashoka Buildcon,533271,ASHOKA,INE442H01029,Construction,Civil Construction,150.16,70.03,49.27,-17.28,18.71,39.7,31.57,1.34,1.17,0.75,0.75,0.79,7.45,0,0.14,7,0.55,0.6,0.85,0,0,-7.35,-13.67,-21.09,0,0,0,0,0.8,0,0,6,2,0.65,0,0,1344787,1287560,692771,2,1.29,0.22,0,0,-25.62,-54.5,2.79,54.48,0,17.58,171.67,190.26,172.54,190.66,4215.34
Authum Invest,539177,AIIL,INE206F01022,Finance,Non Banking Financial Company (NBFC),631.2,-0.51,85.2,-0.36,71.39,30.85,26.23,1.29,1.12,0.31,0.53,0.32,4.08,4,0.04,9,0.3,0.49,0.2,1,0,3.55,16.79,-0.2,0,1,0,1,0.92,0,1,9,2,0.35,0,0,1006868,1675480,449695,0,0.08,0.53,0,0,-45.45,-9.38,13.34,68.79,-6.16,21.51,588.96,528.93,587.24,527.91,53603.11
Banco Products,500039,BANCOINDIA,INE213C01025,Auto Components,Auto Components & Equipments,630.05,25.88,35.6,17.66,17.95,32.36,28.38,1.01,3.02,0.09,0.31,-0.14,4.63,0,0.08,8,-0.09,0.4,1.35,0,0,-5.72,-9.14,-13.39,0,0,0,1,1.27,0,0,6,3,0.1,0,0,177090,248870,202349,0,0.09,0.1,0,0,16.01,0.14,20.82,67.88,0,28.64,698.79,633.02,701.59,633.05,9012.07
C D S L,,CDSL,INE736A01011,Capital Markets,"Depositories, Clearing Houses and Other Intermediaries",1434.3,-11.24,19.22,4.38,25.21,41.96,37.49,1.35,2,0.03,0.2,-1.23,2.43,1,0.19,10,0,0.25,0.45,1,0,1.75,-3.71,-10.98,0,0,0,1,1.23,0,1,9,3,0.2,0,0,1832515,1534814,1262641,0,-0.04,0.35,1,1,-1.05,-13.46,63.38,15,0,53.4,1503.6,1512.55,1506.43,1513.33,29976.87
Caplin Point Lab,524742,CAPLIPOINT,INE475E01026,Pharmaceuticals & Biotechnology,Pharmaceuticals,1826.2,19.29,21.48,11.41,15.14,25.85,26.21,0.83,3.01,0.07,0.28,-0.14,4.53,1,0.11,10,-0.09,0.29,0.61,0,0.26,0.7,-4.27,-8.12,0,0,1,1,1.03,0,0,6,2,0.14,0,0,42419,50680,91981,2,0.04,0.21,0,1,10.54,18.08,23.58,70.57,0.01,30.36,1908.01,1984.13,1911.34,1985.72,13881.26
Cigniti Tech.,534758,CIGNITITEC,INE675C01017,IT - Services,IT Enabled Services,1707.3,85.99,34.05,13.58,17.5,34.09,34.47,1.02,3.02,0.11,0.34,0.09,5.59,1,0.35,7,0.09,0.42,0.3,0,0,3.08,-5.29,3.73,0,0,0,1,1.24,0,0,6,1,0.15,0,0,92436,62495,86784,2,0.19,0.13,0,0,13.64,56.14,16.49,55.04,-0.12,29.42,1712.29,1642.71,1712.5,1642.07,4703.09
Colgate-Palmoliv,500830,COLPAL,INE259A01022,Personal Products,Personal Care,2104.8,-9.74,10.03,-2.06,5.8,105.34,93.76,4.14,2,0.06,0.22,-2.78,4.14,2,0.69,7,0,0.2,0.28,0,0,2.37,0.71,-8.3,0,0,0,1,0.93,0,0,8,3,0.1,0,0,307412,417775,466723,2,-0.02,0.18,0,0,-6.15,-17.1,43.18,51,0,49.27,2134.14,2319.03,2135.34,2321.18,57247.54
Cons. Finvest,,CONSOFINVT,INE025A01027,Finance,Non Banking Financial Company (NBFC),159.96,-30.92,462,30.93,75.47,7.72,26.75,0.35,2.35,0.55,0.73,0.78,,0,0.11,,0.95,1.14,1.58,0,0,-0.19,-6.14,-9.74,0,0,0,,1.58,0,0,,3,0.45,0,0,1969,1810,5116,1,0.25,0.59,0,0,9.15,-66.69,7.78,74.89,0,21.51,168.65,183.42,169.01,183.66,517.7
CRISIL,500092,CRISIL,INE007A01025,Finance,Other Financial Services,4748,11.9,16.05,6.61,12.32,35.6,39.34,1.09,3,0.04,0.2,-1.84,2.83,3,0.36,8,0,0.22,1,0,0,0.11,9.65,0.71,0,1,0,1,1.11,0,1,7,3,0.1,0,0,29161,53412,74315,0,0,0.17,0,1,12.24,12.56,46.35,66.64,0,27.52,4575.01,4835.13,4567.95,4836,34722.13
D-Link India,533146,DLINKINDIA,INE250K01012,IT - Hardware,Computers Hardware & Equipments,399.05,5.4,32.89,8.95,14.65,28.34,29.99,0.78,2.02,0.13,0.38,0.23,4.28,0,0.36,8,0.17,0.37,0.35,0,0,1.76,-2.49,-14.13,0,0,0,1,0.97,0,0,7,3,0.02,0,0,45746,66062,66583,0,-0.04,0.05,0,0,11.79,-5.01,13.66,51.02,0,22.91,428.87,464.55,430.09,465.21,1416.82
Dynacons Sys.,532365,DSSL,INE417B01040,IT - Services,IT Enabled Services,1011.2,24.3,63.66,16.21,24.66,39.17,39.94,1.2,3.03,0.14,0.45,0.21,5.8,2,0.38,8,0.25,0.54,1.21,0,0,-1.86,5.81,10.21,0,1,0,0,1.19,0,1,7,2,0.08,0,0,40961,42224,259655,0,0.07,0.09,0,1,14.98,23.66,16.36,60.95,0,29.42,965.6,1010.29,963.74,1010.28,1286.79
Elecon Engg.Co,505700,ELECON,INE205B01031,Electrical Equipment,Heavy Electrical Equipment,391.9,11.13,42.06,21.26,22.48,28.46,28.23,0.85,1.03,0.11,0.38,0.17,2.8,0,0.2,7,0.09,0.31,0.86,0,0,-7.47,-16.85,-27.61,0,0,0,1,0.8,0,0,6,2,0.04,1,0,971508,2146324,2330634,1,-0.08,0.12,0,0,4.32,-33.06,21.26,59.27,0,45.52,487.09,540.45,490.97,541.94,8794.23
Expleo Solutions,533121,EXPLEOSOL,INE201K01015,IT - Services,IT Enabled Services,952.95,-4.65,14.46,3.8,11.34,21.47,26.93,0.61,3,0.1,0.46,0.32,6.1,0,0.57,8,0.54,0.82,1.78,0,0,-0.51,-8.48,-5.42,0,0,0,1,1.78,0,0,6,3,0.19,0,0,8184,9303,14382,1,0.18,0.2,0,0,9.04,12.03,14.21,71.05,0,29.42,1004.28,1060.81,1006.37,1061.89,1478.95
Fiem Industries,532768,FIEMIND,INE737H01014,Auto Components,Auto Components & Equipments,2180.6,20.68,28.97,16.64,15.5,27.8,27.02,0.78,3.01,0.07,0.27,-0.3,4.11,0,0.24,7,-0.27,0.3,1.14,0,0,-2.25,-6.66,12.77,0,0,0,1,1.12,0,0,7,2,0.06,0,0,57676,69063,67566,1,0.03,0.08,0,0,16.82,26.91,25.6,54.52,0,28.64,2243.54,1989.32,2246.1,1987.4,5739.27
Fluidomat,522017,,INE459C01016,Industrial Manufacturing,Industrial Products,691.45,12.58,61.86,5.58,29.3,42.24,34.25,1.28,2.03,0.13,0.4,0.2,,1,1.07,,0.29,0.66,1.66,0,0,-1.25,-2.01,-24.84,0,0,0,,1.64,0,1,,3,0.27,0,0,2809,2772,3533,2,0.2,0.32,0,0,-13.68,-21.56,17.63,53.45,0,32.05,755.99,863.29,758.62,865.01,340.88
G M Breweries,507488,GMBREW,INE075D01018,Beverages,Breweries & Distilleries,1005.7,5.15,13.28,13.99,11.56,18.13,20.46,0.54,2.01,0.11,0.35,0.05,3.87,0,0.27,10,0.08,0.41,1.23,0,0,-6.04,4.46,-9.56,0,0,0,1,1.16,0,1,9,4,0.1,0,0,140309,219438,519908,1,0.03,0.15,1,1,21.89,91.22,14.08,74.43,0,33.62,1066,900.38,1068.46,899.32,2297.72
Gabriel India,505714,GABRIEL,INE524A01029,Auto Components,Auto Components & Equipments,920.3,12.44,32.74,12.86,16.04,26.14,24.79,0.7,3,0.03,0.21,-2.05,0.75,0,0.07,8,0,0.23,1.15,0,0,-5.73,-15.37,-25.51,0,0,0,1,1.09,0,0,6,3,0.04,0,0,300448,296160,372245,0,0.03,0.05,1,1,15.38,15.11,58.93,55,0,28.64,1043.13,959.04,1048.15,959.43,13219.55
Gamco Ltd,540097,,INE890S01026,Finance,Other Financial Services,39.02,-135.28,266.69,-13.75,39.63,6.98,10.19,0.2,-0.12,-0.21,,,,0,0.01,,,,-0.15,0,0,2.77,-2.45,-5.47,0,0,0,0,-0.55,0,1,5,3,-0.37,0,0,40691,37736,45449,0,-0.64,-0.19,0,0,285.71,-178.77,,70.74,0.17,27.52,40.03,40.05,40.08,40.06,210.83
Gandhi Spl. Tube,513108,GANDHITUBE,INE524B01027,Industrial Products,Iron & Steel Products,738.1,14.22,12.56,5.34,7.99,27.53,31.66,0.86,2.01,0.12,0.43,0.17,5.66,0,0.79,8,0.23,0.37,0.22,0,0,3.04,-1.19,-15.27,0,0,0,1,0.87,0,0,8,3,0.16,0,0,4137,3882,4433,0,0.03,0.25,0,0,-1.23,2.55,13.51,73.53,0,22,777.65,785.9,779.27,786.38,896.94
Ganesh Housing,526367,GANESHHOU,INE460C01014,Realty,"Residential, Commercial Projects",741,8.49,103.82,-8.37,35.82,44.02,37.3,1.48,2.06,0.21,0.57,0.5,6.21,0,0.21,9,0.52,0.64,1.14,0,0,-1.95,-7.17,-12.97,0,0,0,1,1.12,0,1,7,4,0.31,0,0,44959,67362,46358,2,0.09,0.46,0,0,-26.56,-31.8,11.73,73.06,0,33.22,803.07,889.37,805.61,890.86,6178.98
Gokul Agro,539725,GOKULAGRO,INE314T01033,Agricultural Food & other Products,Edible Oil,167.35,45.33,25.98,34.41,23.48,34.2,27.99,0.84,3.02,0.13,0.42,0.06,5.14,0,0.02,11,0.26,0.6,0.85,0,0,0.68,-10.85,-2.48,0,0,0,0,1.43,0,1,6,3,0.11,1,0,207525,241157,341080,1,0.15,0.07,0,1,38.01,41.51,16.8,74.24,0.57,25.47,181.65,167.51,182.24,167.51,4938.28
Hindustan Hardy,505893,,INE724D01011,Auto Components,Auto Components & Equipments,858,70.16,21.89,36.06,9.18,28.37,27.15,0.83,1.05,0.21,0.38,0.15,4.12,0,0.7,9,0.13,0.27,0.71,0,0,-1.39,-6.13,-24.15,0,0,0,1,0.7,0,1,5,3,0.01,0,0,370,473,588,0,0,0.02,0,0,27.16,0,14.66,66.16,0,28.64,939.75,983.75,943.09,985.01,128.7
ICICI Pru Life,540133,ICICIPRULI,INE726G01019,Insurance,Life Insurance,678,40.59,16.35,-2.21,3.65,11.94,8.18,0.24,3,0.02,0.24,-3.24,,2,-0.46,,0,0.31,1.3,0,0,-1.09,5.01,13.81,1,1,0,,1.29,0,0,,0,-1.96,0,0,5418206,4143763,1983020,0,2.29,-4.79,0,0,403.35,19.16,71.69,72.93,-0.03,84.33,647.47,627.99,646.23,627.49,98165.38
Indiamart Inter.,542726,INDIAMART,INE933S01016,Retailing,Internet & Catalogue Retail,2289,24.9,21.08,13.36,22.6,34.24,25.65,0.91,1.01,0.07,0.26,-0.31,2.86,5,0.5,10,-0.16,0.16,0.08,1,0.34,6.69,1.1,-2.35,1,1,0,1,0.6,0,1,9,3,0.17,0,0,1265419,723029,211637,2,0.05,0.26,0,0,12.45,-38.79,25.57,49.17,0,30.36,2269.7,2379.69,2268.92,2380.6,13753.95
Indian Energy Ex,540750,IEX,INE022Q01020,Capital Markets,Exchange and Data Platform,139.29,17.15,12.17,13.1,7.95,53.61,51.64,1.65,3.01,0.07,0.34,-0.26,5.81,1,0.23,8,-0.14,0.37,0.65,0,0,0.67,-0.34,3.81,0,0,0,1,1.08,0,0,9,2,0.32,0,0,10859629,25669366,33264614,2,0.02,0.52,0,1,9.34,14.64,27.61,0,0,63.63,141.22,154.01,141.3,154.16,12420.39
Indian Metals,533047,IMFA,INE919H01018,Ferrous Metals,Ferro & Silica Manganese,1174.2,-13.52,-8.87,-6.18,-0.49,21.29,21.03,0.6,2.01,0.09,0.2,0.11,3.26,0,0.41,8,-0.32,0.19,0.99,0,0,-3.46,-15.96,7.31,0,0,0,1,0.96,0,0,4,3,0.08,0,0,293767,228687,384305,1,0.04,0.11,0,1,3.86,-22.03,19.17,58.69,0,13.77,1305.69,1050.62,1311.06,1049.38,6335.29
Indosolar,533257,WAAREEINDO,INE866K01023,Electrical Equipment,Heavy Electrical Equipment,465.1,2366.13,78.49,501.6,,77.05,35.04,,2.2,0.56,,,,1,0.05,,,,0.09,0,0.72,6.09,11.51,-31.21,0,0,0,1,0.66,0,0,6,1,,,0,64072,76500,140932,2,,,0,0,93.7,304.98,7.91,74.93,-20.07,45.52,446.98,228.95,446.25,226.58,1934.99
Indrapr.Medical,532150,INDRAMEDCO,INE681B01017,Healthcare Services,Hospital,402.5,18.24,36.9,6.51,15.16,39.1,37.26,1.17,2.02,0.09,0.36,-0.03,4.27,0,0.29,8,-0.03,0.37,1.04,0,0,-2.47,-12.48,-27.64,0,0,0,1,1.02,0,0,7,3,0.11,0,0,130300,151036,169654,1,0.1,0.12,0,0,8.92,16.65,21.12,51,0,51.44,467.96,465.68,470.63,466.31,3689.84
Indus Towers,534816,INDUSTOWER,INE121J01017,Telecom - Services,Telecom - Infrastructure,433.85,24.07,16.21,7.8,2.81,28.99,20.8,0.94,2.01,0.13,0.31,-0.11,4.71,3,0.14,9,-0.08,0.31,0.94,1,0,0.1,6.14,26.49,0,1,0,1,1.03,0,0,7,1,0.35,0,0,15219843,9942530,9824179,0,0.25,0.42,0,0,9.68,-17.28,12.23,51.03,1.03,17.11,411.66,383.27,410.75,382.76,114456.69
Intl. Conveyors,509709,INTLCONV,INE575C01027,Industrial Manufacturing,Industrial Products,81.67,-19.41,72.94,34.91,-9.55,27.09,22.15,0.86,1.09,0.3,0.7,0.64,4.07,0,0.05,10,-0.02,-0.02,-0.03,0,0,-4.1,-8.72,-16.21,0,0,0,1,-0.03,0,0,9,3,0.07,0,0,59937,80480,77097,1,-0.11,0.18,1,0,47.22,-164.75,7.64,70.07,0.09,32.05,89.13,88.97,89.44,89.04,517.62
ITC,500875,ITC,INE154A01025,Diversified FMCG,Diversified FMCG,329.2,0.7,9.11,9.1,7.49,36.79,37.39,1.13,2.01,0.14,0.29,-0.07,4.5,0,0.21,7,0.14,0.31,1.08,0,0,-2.36,-17.78,-20.13,0,0,0,1,1.06,0,0,8,2,0.11,0,0,32132867,22533272,45512990,0,-0.04,0.21,0,0,-2.44,2.91,20.44,0,0,46.51,382.05,405.59,384.21,406.36,412453.36
Jyoti Resins,514448,,INE577D01013,Chemicals & Petrochemicals,Specialty Chemicals,1152.55,4.44,58.98,11.81,16.01,49.98,62.92,1.65,2.03,0.14,0.48,0.13,11.78,2,0.23,8,0.2,0.49,0.3,0,0,2.47,4.77,-5.18,0,1,0,1,1.03,0,0,9,3,0.09,0,0,4720,5240,7459,2,-0.02,0.16,0,0,13.99,5.34,18.85,53.89,3.06,27.05,1157.86,1245.17,1158.08,1246.1,1383.06
K.P. Energy,539686,KPEL,INE127T01021,Power,Power Generation,314.5,72.73,87.58,84.09,55.25,41.72,40.93,1.36,3.07,0.22,0.51,0.09,5.57,0,-0.09,7,0.41,0.76,1.57,0,0,-4.67,-5.85,-22.93,0,0,0,0,1.5,0,1,5,1,0.06,0,0,208356,359665,353839,0,-0.02,0.12,0,0,51.39,44.11,15.76,44.88,0,25.67,359.85,410.52,361.7,411.48,2104.23
Kamdhenu,532741,KAMDHENU,INE390H01020,Industrial Products,Iron & Steel Products,22.16,17.63,31.55,7.64,7.63,28.91,28.39,0.87,2.03,0.19,0.48,0.37,4.79,0,0.3,6,0.31,0.46,0.95,0,0,-0.94,0.36,-17.34,0,0,0,1,0.94,0,0,9,2,0.13,0,0,920604,880825,1599083,2,0.12,0.13,0,0,0.5,17.68,8.97,49.03,0,22,24.88,29.49,24.99,29.56,624.65
Kingfa Science,524019,KINGFA,INE473D01015,Industrial Products,Plastic Products - Industrial,4336.1,17.32,47.72,12.53,18.52,30.55,28.44,0.84,1.01,0.06,0.26,-0.5,1.08,1,0.06,6,0,0.23,0.88,0,0.23,-0.33,15.36,-8.34,0,1,0,1,0.88,0,1,4,2,0.06,0,0,2570,4455,8360,2,0.03,0.08,0,0,11.32,10.41,37.32,67.02,0,21.35,4243.1,3902.83,4239.31,3898.48,5876.01
Kothari Petroche,,KOTHARIPET,INE720A01015,Chemicals & Petrochemicals,Petrochemicals,120.47,1.22,24.35,0.09,14.81,29.99,33.72,0.94,3.03,0.17,0.52,0.4,6.84,0,0.08,11,0.43,0.56,0.99,0,0.25,0.08,-2.18,-14.21,0,0,0,1,1.07,0,1,7,4,0.1,0,0,24384,34584,43551,1,0.09,0.11,0,1,-4.41,13.96,10.69,72.22,1.24,18.62,130.71,149.44,131.12,149.73,708.92
Lloyds Metals,512455,LLOYDSME,INE281B01032,Minerals & Mining,Industrial Minerals,1229,23.04,113.53,21.64,113.4,38.28,66.25,1.43,,0.09,0.37,-0.43,,0,-0.23,,,,,0,0,-2.86,-6.18,-7.13,0,0,0,1,,0,1,4,1,0.09,1,0,249717,275595,492133,0,0,0.16,0,0,154.33,89.95,37.06,63.73,0.68,21.41,1294.13,1285.9,1296.79,1286.47,66901.73
Mah. Seamless,500265,MAHSEAMLES,INE271B01025,Industrial Products,Iron & Steel Products,518.65,-7.11,4.01,0.81,7.76,16.63,19.82,0.48,0.02,0.18,0.48,0.22,2.05,0,0.23,4,0.18,0.26,0.55,0,0,-3.11,-7.54,-8.72,0,0,0,1,0.54,0,0,5,3,-0.07,0,0,118773,107280,174017,1,-0.18,0,0,0,-10.31,-43.08,8.87,69.81,0.76,22,559.54,615.7,561.21,616.68,6949.48
Mahanagar Gas,539957,MGL,INE002S01010,Gas,LPG/CNG/PNG/LNG Supplier,1062.6,-14.13,17.87,19.06,24.82,22.89,28.76,0.67,0.01,0.14,0.5,0.4,1.77,0,0.13,4,0.21,0.29,0.42,0,0,0.38,-5.27,-17.13,0,0,0,1,0.58,0,0,5,2,-0.1,0,0,236810,249621,273853,0,-0.28,0.02,0,0,14.73,-32.57,10.6,32.5,0,20.58,1149.17,1271.17,1152.71,1273.26,10496.13
Man Infra,533169,MANINFRA,INE949H01023,Construction,Civil Construction,115.5,0.42,9.48,-21.85,4.84,23.52,27.85,0.68,1.03,0.14,0.41,0.21,3.59,0,0.26,5,0.29,0.4,1.02,0,0,-3.93,-8.85,-20.08,0,0,0,1,0.98,0,0,8,2,0.23,0,0,503407,368086,332138,2,0.3,0.19,0,0,-35.42,23.96,17.17,62.44,0.14,17.58,130.02,151.51,130.61,151.87,4662.35
Marathon Nextgen,503101,MARATHON,INE182D01020,Realty,"Residential, Commercial Projects",509.7,29.54,55.28,-21.43,23.75,11.95,14.81,0.37,2.03,0.14,0.43,0.2,3.74,0,0.15,5,0.08,0.39,0.29,0,0,2.19,-4.03,-17.04,0,0,0,1,0.92,0,0,8,1,0.24,0,0,40766,55328,79030,2,0.18,0.29,0,1,-19.96,36.41,15.13,55.92,0,33.22,542.16,573.03,543.48,573.67,3436.43
Master Trust,511768,MASTERTR,INE677D01037,Capital Markets,Stockbroking & Allied,106.94,-13.81,33.48,-12.21,20.78,30.09,29.41,0.75,2.04,0.2,0.62,0.57,11.13,0,0.41,8,0.48,0.62,1.05,0,0,-4.09,-10.27,-14.68,0,0,0,0,1.01,0,0,9,2,0.19,0,0,114366,178312,211302,1,0.05,0.28,0,1,-17.47,-14.88,11.13,71.93,2.69,20.56,119.29,134.53,119.79,134.81,1315.53
Monarch Networth,511551,MONARCH,INE903D01011,Capital Markets,Stockbroking & Allied,298,1.51,40.2,-6.26,28.69,33.31,38.76,1.01,2.04,0.18,0.52,0.41,4.62,0,-0.12,6,0.36,0.54,1.04,0,0,-0.78,-0.8,-3.39,0,0,0,1,1.04,0,1,9,2,0.29,0,0,45032,52524,73420,2,0.09,0.42,0,0,-20.11,2.27,15.19,52.86,-0.01,20.56,306.79,324.36,307.15,324.62,2362.2
MPS,532440,MPSLTD,INE943D01017,Other Consumer Services,E-Learning,1887.7,37.29,18.08,16.76,17.43,40.94,37.61,1.19,3.01,0.1,0.26,-0.38,5.69,0,0.64,11,-0.26,0.39,1,0,0.3,0.49,-6.09,-17.79,0,0,0,1,1.49,0,1,6,4,0.12,1,0,21577,29568,31551,1,0.01,0.19,0,0,9.42,28.21,19.67,68.34,0,21.89,2043.36,2219.75,2049.71,2223.09,3229.06
Natco Pharma,524816,NATCOPHARM,INE987B01026,Pharmaceuticals & Biotechnology,Pharmaceuticals,859.4,-20.88,139.37,-3.79,31.57,32.78,26.85,1.06,2.08,0.25,0.46,0.5,5.25,0,0.18,8,0.41,0.5,1.12,0,0,-3.46,-6.06,4.02,0,0,0,1,1.08,0,0,8,2,0.18,0,0,505199,643530,684374,2,0.07,0.26,0,1,-0.59,-23.46,10,49.48,-0.08,30.36,886.98,915.8,888.11,916.37,15392.7
NESCO,505355,NESCO,INE317F01035,Commercial Services & Supplies,Diversified Commercial Services,1182.6,10.14,26.47,18.69,29.46,21.12,21.8,0.6,3.01,0.08,0.28,0.03,4.47,0,0.04,10,-0.02,0.33,0.58,0,0,1.09,-3.01,-10.59,0,0,0,1,1.2,0,1,8,4,0.2,0,0,43572,33512,35895,0,-0.03,0.35,0,1,24.51,11.26,20.15,68.54,0,22.43,1244.75,1212.2,1247.28,1212.5,8332.59
Nucleus Soft.,531209,NUCLEUS,INE096B01018,IT - Software,Software Products,910,2.88,72.17,6.64,18.73,22.6,27.23,0.63,0.03,0.13,0.39,0.09,1.91,1,0.51,5,0.03,0.28,0.71,0,0,-0.21,-0.05,-9.65,0,0,0,1,0.71,0,0,7,3,-0.06,0,0,15519,12209,11311,0,-0.18,0.01,0,0,5.59,-20.48,14.86,73.6,0,43.08,935.68,1005.46,936.73,1006.42,2395.6
One Global Serv,514330,,INE670O01013,Healthcare Services,Healthcare Service Provider,528.6,363.85,158.89,333.98,189.11,56.38,53.66,1.92,2.11,0.34,0.51,0.19,,0,0.19,,0.23,0.54,1.13,0,0,-6.14,-23.88,102.49,0,0,0,,1.06,0,1,,3,0.16,,0,12785,26930,24226,2,0.13,0.18,0,0,595.41,771.81,23.54,66.24,51.19,36.48,533.47,380.12,533.67,378.63,1033.04
Pix Transmission,500333,PIXTRANS,INE751B01018,Industrial Products,Rubber,1303.4,-15.85,17.91,2.84,9.48,26.87,22.98,0.77,1.01,0.09,0.37,0.17,4.82,0,1.02,9,0.13,0.3,0.83,0,0,-0.63,-10.04,-10.35,0,0,0,1,0.82,0,0,6,3,0.1,0,0,8451,10084,8038,2,-0.03,0.19,1,0,-13.49,-41.92,18.45,62.06,0.24,26.39,1406.04,1499.12,1410.23,1501.09,1776.53
Polycab India,542652,POLYCAB,INE455K01017,Industrial Products,Cables - Electricals,7121.5,42.77,29.35,28.51,22.45,29.72,29.4,0.83,2.01,0.04,0.23,-1.14,1.07,0,0.1,4,0,0.22,1.01,0,0,-7.33,0.32,-4.27,0,0,0,1,0.94,0,1,4,2,-0.01,0,0,840326,1019879,496246,0,-0.07,0.03,0,0,46.12,35.87,40.83,61.52,-1.49,19.83,7494.96,7034.93,7510.2,7034.06,107212.13
Pricol Ltd,540293,PRICOLLTD,INE726V01018,Auto Components,Auto Components & Equipments,606.9,14.52,46.3,35.16,20.34,22.87,22.48,0.6,3.01,0.05,0.26,-0.81,2.69,0,0.15,6,0,0.32,1.29,0,0,-3.11,-9.49,15.61,0,0,0,1,1.26,0,0,5,1,0.03,0,0,415443,460872,481236,1,-0.02,0.07,0,1,50.54,41.98,38.87,38.51,0,28.64,617.95,537.45,618.4,536.75,7396.99
REC Ltd,532955,RECLTD,INE020B01018,Finance,Financial Institution,371,16,16.63,15.58,12.8,9.96,9.72,0.4,2.04,0.26,0.7,0.61,4.72,3,-0.09,6,0.53,0.73,0.34,0,0,2.04,10.09,-1.05,0,1,0,0,1.04,0,0,7,2,0.32,0,0,10463668,7461634,8814669,0,-0.03,0.56,0,0,10.75,9.34,5.66,52.63,0,20.34,362.52,387.65,362.17,387.82,97692.61
RMC Switchgears,540358,,INE655V01019,Electrical Equipment,Other Electrical Equipment,387.35,137.94,278.34,113.95,96.72,37.19,32.81,1.15,2.18,0.42,0.48,0.52,,2,0.08,,0.55,0.59,0.94,1,0,0.3,-6.76,-44.77,1,0,,0,1.22,0,0,6,1,,0,0,110375,56906,28428,0,,0.09,0,0,86.07,90.05,10.03,52.09,0.02,28.08,474.96,641.81,478.54,644.37,407.76
RPG LifeScience.,532983,RPGLIFE,INE105J01010,Pharmaceuticals & Biotechnology,Pharmaceuticals,2307.2,28.01,31.46,7.78,14.08,32.8,33.54,1,3.02,0.11,0.25,-0.37,5.12,0,0.46,9,-0.37,0.36,1.47,0,0.3,-1.49,-1.44,1.29,0,0,0,1,1.45,0,0,7,3,0.16,0,0,6461,6118,5289,2,0.15,0.16,0,0,5.5,38.23,34.24,72.95,0,30.36,2317.56,2293.59,2317.98,2293.46,3815.88
Shakti Pumps,531431,SHAKTIPUMP,INE908D01010,Industrial Products,"Compressors, Pumps & Diesel Engines",711.65,22.16,84.74,12.83,28.77,55.31,32.36,1.55,1.04,0.14,0.45,0.24,3.64,1,-0.03,5,0.17,0.47,0.22,1,0,3.87,-1.92,-11.43,0,0,0,1,1.05,0,0,7,0,0.21,0,0,805062,3859630,2392854,0,0.24,0.19,0,0,5,-10.56,21.85,50.34,0.04,38.23,721.59,790.44,721.99,791.24,8781.62
Sharda Motor,535602,SHARDAMOTR,INE597I01028,Auto Components,Auto Components & Equipments,850.6,-0.48,21.66,6.96,7.94,34.6,37.27,1.02,1.02,0.14,0.43,0.17,3.1,0,0.13,5,0.17,0.31,0.78,0,0,-6.29,-9.58,-19.17,0,0,0,1,0.74,0,0,5,2,0.04,0,0,37575,118496,42567,0,-0.03,0.09,0,0,10.67,-4.48,15.52,64.31,0,28.64,957,980.7,961.35,982,4883.1
Shilchar Tech.,531201,SHILCTECH,INE024F01011,Electrical Equipment,Other Electrical Equipment,3238.8,64.68,118.9,55.25,51.23,71.3,66.64,2.51,3.06,0.21,0.45,0.02,7.02,0,0.39,7,0.11,0.54,1.26,0,0,-4.57,-16.47,-26.33,0,0,0,1,1.2,0,0,8,1,0.11,1,0,34551,62164,27787,2,0.03,0.16,0,0,31.19,40.36,20.87,62.12,-1.89,28.08,3910.97,4340.04,3938.4,4351.11,3705.25
Swaraj Engines,500407,SWARAJENG,INE277A01016,Industrial Products,"Compressors, Pumps & Diesel Engines",3577.8,21.77,15.09,21.33,13.9,56.21,54.36,1.79,2.01,0.09,0.28,-0.37,5.44,2,0.91,8,-0.15,0.26,0.92,0,0,-1.17,0.27,-9.59,1,0,0,1,0.9,0,0,5,2,0.05,0,0,119081,37583,16179,1,0.01,0.08,1,0,36.96,39.5,22.92,52.12,0,38.23,3736.99,3807.56,3743.49,3809.86,4346.98
T R I L,532928,TARIL,INE763I01026,Electrical Equipment,Heavy Electrical Equipment,260.3,66.69,147.27,29.48,20.42,27.97,19.19,0.73,3.05,0.14,0.34,-0.22,4.94,0,-0.01,7,-0.66,0.81,2.47,0,0,-5.1,-7.73,-46.24,0,0,0,0,2.35,0,1,5,1,0.58,1,0,3290894,5392067,9912723,0,1.01,0.3,0,0,31.71,34.89,29.29,64.36,0,45.52,314.07,404.04,316.26,405.48,7813.32
Tanla Platforms,532790,TANLA,INE483C01032,IT - Software,Software Products,462.75,-11.53,-2.02,3.31,7.9,29.19,35.14,0.92,1.02,0.14,0.46,1.28,4.35,0,0.22,11,0.41,0.45,1.05,0,0,-8.16,-17.99,-31.4,0,0,1,1,0.97,0,1,6,3,0.03,0,0,1107482,562778,380303,1,-0.07,0.1,0,1,7.77,-3.96,12.8,46.17,0.68,43.08,552.62,612.13,556.29,613.63,6136.87
Tata Motors PVeh,500570,TMPV,INE155A01022,Automobiles,Passenger Cars & Utility Vehicles,353.6,-59.49,65.13,-6.72,16.45,19.97,15.12,0.7,2.32,1.34,0.85,0.78,6,0,0.13,6,9.71,13.58,16.05,0,0,-0.16,2.26,-10.84,0,0,0,0,16.03,0,0,4,2,-0.46,0,0,12374200,10119460,14202987,2,-0.87,-0.19,0,0,-13.52,-214.83,9.64,42.57,0,33.81,366.59,402.33,367.12,402.82,130207.24
Tips Music,532375,TIPSMUSIC,INE716B01029,Entertainment,Media & Entertainment,528,14.29,35.98,17.99,31.84,108.83,99.95,4.35,3.01,0.09,0.25,-2.45,8.2,1,0.82,7,0,0.3,0.95,1,0,0.23,-0.98,3.05,0,0,0,1,1.17,0,0,9,2,0.26,0,0,187827,163671,138560,1,0.02,0.42,0,1,10.68,10.44,38.82,64.15,0,40.64,534.14,579.21,534.4,579.72,6749.51
Uni Abex Alloy,504605,,INE361D01012,Industrial Products,Iron & Steel Products,3080.15,17.39,39.6,16.66,12.21,31.9,34.98,1.02,2.03,0.12,0.31,-0.07,11.89,2,4.53,9,-0.04,0.56,1.74,1,0,0.05,-0.91,-9.81,0,0,0,1,1.83,0,0,6,3,0.13,0,0,896,629,396,2,0.02,0.2,0,0,19.7,33.49,17.54,63.62,0,22,3211.38,3135.36,3216.73,3135.91,608.33
VLS Finance,511333,VLSFINANCE,INE709A01018,Finance,Investment Company,283.1,-106.49,-39.64,-99.38,-24.23,2.15,6.08,0.06,0,-0.02,,,,0,12.64,,,,0.1,0,0,-0.79,-4.82,33.59,0,0,1,0,0.1,0,1,10,4,-2.03,0,0,9230,30416,52486,2,-0.21,-3.24,0,0,-86.7,-86.11,,52.02,0,30.57,281.85,261.64,281.8,261.43,888.33
Waaree Renewab.,534618,WAAREERTL,INE299N01021,Electrical Equipment,Other Electrical Equipment,941.15,124.91,197.14,94.02,114.67,82.31,88.67,3.05,3.07,0.22,0.41,-0.34,6.94,4,0.29,13,-0.11,0.48,0.18,1,0,5.43,0.98,-25.88,1,0,0,1,1.16,0,1,5,2,0.01,1,0,3266756,2174414,662399,0,-0.08,0.07,1,1,136.18,124.67,23.39,74.39,0,28.08,1004.69,1071.85,1007.28,1073.17,9820.5
Wealth First Por,544536,WEALTH,INE658T01017,Finance,Other Financial Services,838.1,-37.62,23.25,-16.29,21.63,37.87,40.27,1.32,0.02,0.09,0.31,-0.25,3.58,0,0.81,6,-0.02,0.2,0.69,0,0,-6.56,-13.71,-29.07,0,0,0,1,0.65,0,0,9,3,0.2,0,0,3118,4238,2953,2,-0.12,0.41,0,0,5.43,-26.98,26.94,74.04,0,27.52,981.65,1083.8,987.5,1086.26,893
Welspun Corp,532144,WELCORP,INE191B01025,Industrial Products,Iron & Steel Products,736.85,60.74,39.84,-1.19,29.04,21.24,15.95,0.57,3.03,0.18,0.37,0.16,4.65,0,0.02,9,0.16,0.48,1.34,0,0.24,-2.24,-6,-11.15,0,0,0,1,1.31,0,1,5,3,0.17,0,0,384237,425875,505372,2,0.25,0.12,0,0,32.46,48.67,10.96,49.77,-0.07,22,812.72,830.98,815.82,831.93,19437.41
WPIL,505872,,INE765D01022,Industrial Manufacturing,Industrial Products,394.2,-51.25,10.54,-6.26,15.22,15.56,20.1,0.38,1,0.04,0.03,-0.69,0.54,1,-0.09,5,-0.66,0.04,0.66,1,0,1.27,-5.35,-11.27,0,0,0,0,1.5,0,0,6,1,-0.01,0,0,17836,28716,25472,0,-0.28,0.17,1,1,-13.21,-31.92,40.08,70.8,0,32.05,405.94,431.13,406.42,431.5,3850.18
Godrej Consumer,532424,GODREJCP,INE102D01028,Personal Products,Personal Care,1236.9,4.11,1.6,5.77,5.37,19.21,18.31,0.51,2,0.02,0.2,-7.19,-1.12,4,0.14,8,0,0.1,0.3,1,0,0.59,4.27,8.83,0,1,0,1,0.48,0,0,6,2,0.13,0,0,919274,901926,850072,0,0.14,0.12,0,1,4.33,-2.86,67.23,53.07,0,49.27,1191.75,1191.28,1189.91,1190.82,126565.12
Nestle India,500790,NESTLEIND,INE239A01024,Food Products,Packaged Foods,1315.9,-5.73,10.57,6.25,11.08,95.66,134.17,4.58,1,0.03,0.2,-5.98,0.08,4,0.41,8,0,0.2,0.44,1,0,1.29,5.75,2.37,0,1,0,1,1,0,0,5,3,0.07,0,0,1535348,1235712,1126416,0,-0.04,0.14,0,0,10.57,-1.88,84.75,62.76,0,52.24,1269.34,1219.94,1267.44,1218.98,253746.88
APL Apollo Tubes,533758,APLAPOLLO,INE702C01027,Industrial Products,Iron & Steel Products,1940.7,79.92,6.14,14.05,16.56,22.36,24.81,0.63,3,0.03,0.2,-2.92,1.43,3,0.07,8,0,0.24,0.33,1,0,2.68,6.63,10.95,0,1,0,1,1.22,0,1,3,2,0.29,0,0,474256,723363,638159,2,0.64,0.06,0,0,9.06,460.38,51.37,28.27,-0.03,22,1832.29,1720.62,1827.86,1718.4,53880.82
Multi Comm. Exc.,534091,MCX,INE745G01043,Capital Markets,Exchange and Data Platform,2446,100.59,51.61,50.14,44.76,42.86,21.06,1.04,2,0.02,0.21,-2.65,2.14,4,0.28,8,0,0.33,0.12,1,0,11.64,18.66,33.01,0,1,0,1,1.55,0,1,8,2,1.47,0,0,3711474,3615315,1928906,2,1.56,1.41,0,0,31.04,28.54,89.59,0,0,63.63,2091.41,1715.21,2076.94,1707.87,62371.01
Balkrishna Inds,502355,BALKRISIND,INE787D01026,Auto Components,Tyres & Rubber Products,2447.4,-15.32,2.41,3.72,7.99,16.67,15.52,0.5,1,0.04,0.2,-2.1,1.24,4,0.04,7,-0.36,0.17,0.19,1,0,3.7,3.47,7.2,0,1,0,1,0.87,0,0,4,3,0.09,0,0,168955,193101,117968,0,-0.01,0.16,0,0,-1.09,-21.26,34.3,58.29,0,30.98,2359.27,2448.69,2355.67,2448.7,47312.45
Hindustan Zinc,500188,HINDZINC,INE267A01025,Non - Ferrous Metals,Zinc,637.75,18.89,2.56,8.37,4.89,60.73,52.46,2.39,3,0.07,0.26,-1.85,5.7,3,0.44,7,0,0.31,0.19,1,0,5.16,8.32,31.12,0,1,0,1,1.19,0,0,5,2,0.24,0,0,12287570,16187312,13321306,0,0.09,0.33,0,0,3.43,11.58,25.76,61.84,0,42.31,565.06,496.67,562.09,495.25,269469.72
CCL Products,519600,CCL,INE421D01022,Agricultural Food & other Products,Tea & Coffee,971.05,23.47,14.94,30.11,28.55,13.14,13.75,0.44,3,0.04,0.2,-1.84,1.39,3,-0.13,7,0,0.27,0.33,1,0,3.04,0.12,15.07,0,1,1,0,1.34,0,1,5,2,0.12,0,0,174880,290069,225256,0,0.06,0.15,0,0,52.63,36.39,38.34,46.11,0.02,15.95,951.74,869.03,950.95,868.01,12966.23
Firstsour.Solu.,532809,FSL,INE684F01012,Commercial Services & Supplies,Business Process Outsourcing (BPO)/ Knowledge Process Outsourcing (KPO),326.4,23.48,3.07,25.92,10.46,15.37,15.38,0.45,3,0.04,0.2,-1.78,3,1,0.11,7,0,0.22,0.31,1,0,2.48,-5.8,2.5,0,0,0,0,1.07,0,0,4,3,0.04,0,0,1401091,1079632,688323,0,-0.03,0.1,0,1,20.09,28.79,34.89,53.66,0,35.93,339.43,343.9,339.97,344.07,23077.39
LTIMindtree,540005,LTIM,INE214T01019,IT - Software,Computers - Software & Consulting,6308,4.63,5.21,8.72,13.33,27.63,32.49,0.83,3,0.04,0.2,-1.55,2.93,4,0.18,8,0,0.22,0.2,1,0,4.49,1.78,12.71,0,1,0,1,1.09,0,0,5,2,0.06,0,0,896972,399726,239897,0,-0.03,0.12,0,1,10.19,12,38.41,68.54,-0.02,25.69,6000.23,5599.42,5987.67,5592.3,187025.41
HDFC AMC,541729,HDFCAMC,INE127D01025,Capital Markets,Asset Management Company,2596.4,21.64,20.89,20.56,18.58,43.33,37.79,1.41,3,0.05,0.21,-1.4,3.4,1,0.23,7,0,0.23,0.28,1,0,2.89,-2.84,-9.15,0,0,0,1,1.09,0,1,8,3,0.3,0,0,3303486,1931292,999806,1,0,0.5,0,0,14.97,20.05,38.68,52.38,-0.06,31.14,2644.4,2569.31,2646.36,2569.04,111206.02
Wipro,507685,WIPRO,INE075A01022,IT - Software,Computers - Software & Consulting,267.45,6.97,2.29,2.36,3.95,19.51,18.03,0.55,1,0.07,0.24,-1.34,1.53,3,0.15,8,-0.32,0.21,0.29,1,0,2.1,1.13,10.86,0,1,0,1,0.89,0,0,5,2,0.1,0,0,12557201,7379009,6992555,2,0.07,0.12,0,0,5.54,-7,21.14,72.63,-0.02,25.69,258.76,256.56,258.4,256.45,280480.12
Oracle Fin.Serv.,532466,OFSS,INE881D01027,IT - Software,Software Products,7959.5,-4.89,8,2.78,9.45,40.6,38.42,1.24,1,0.06,0.25,-1.3,2.06,4,0.35,7,0,0.2,0.14,1,0,4.76,1.74,-7.29,0,1,0,1,0.79,0,0,9,2,0.14,0,0,399406,174915,119505,2,-0.04,0.26,0,0,6.86,-5.47,29.18,72.46,-0.07,43.08,7963.83,8527.6,7964.01,8533.31,69261.1
Mphasis,526299,MPHASIS,INE356A01018,IT - Software,Computers - Software & Consulting,2886.5,11.94,5.66,8.73,5.96,22.71,25.19,0.64,3,0.05,0.2,-1.13,3.93,2,0.23,7,0,0.21,0.39,1,0,1.7,-0.13,5.06,0,1,0,1,1.06,0,0,6,2,0.07,0,0,1366069,569021,416561,0,0.01,0.11,1,0,10.34,10.8,30.81,40.1,0,25.69,2833.19,2770.03,2831.01,2768.86,55004.33
Alkem Lab,539523,ALKEM,INE540L01014,Pharmaceuticals & Biotechnology,Pharmaceuticals,5836.5,8.15,9.3,9.32,6.83,20.38,17.91,0.63,3,0.05,0.2,-0.94,3.05,4,0.18,7,0,0.23,0.69,1,0,0.65,5.06,5.03,0,1,0,1,1.15,0,0,5,2,0.11,0,0,121830,226028,121956,1,0.05,0.14,0,1,17.17,11.1,29.69,51.2,0,30.36,5638.4,5402.97,5630.32,5398.62,69784.11
HCL Technologies,532281,HCLTECH,INE860A01027,IT - Software,Computers - Software & Consulting,1698,0.58,8.75,9.63,10.97,31.61,29.82,0.92,1,0.06,0.2,-0.89,1.73,4,0.27,8,0,0.18,0.28,1,0,2.2,3.39,13.55,0,1,0,1,0.88,0,0,6,3,0.09,0,0,3269262,4580272,2693832,1,0.01,0.14,0,0,13.32,4.19,26.84,60.81,0,25.69,1625.99,1593.33,1623.05,1592.28,460780.33
Infosys,500209,INFY,INE009A01021,IT - Software,Computers - Software & Consulting,1689.8,4.37,6.45,8.24,10.25,37.5,39.32,1.13,2,0.07,0.21,-0.88,3.12,3,0.26,8,-0.4,0.2,0.17,1,0,4.69,3.12,15.67,0,1,1,1,0.95,0,0,6,2,0.08,0,0,20144273,10982381,7566451,0,-0.02,0.15,0,0,8.9,10.79,23.74,14.55,-0.06,25.69,1592.3,1580.15,1588.32,1579.05,685158.95
Tata Steel,500470,TATASTEEL,INE081A01020,Ferrous Metals,Iron & Steel,188.21,128.29,-55.34,-0.42,-3.6,8.83,9.49,0.15,3,0.04,0,-0.54,2.29,4,0.04,8,0,0,0.19,1,0,5.5,11.57,9.46,0,1,0,0,1.22,0,0,2,2,0.19,0,0,28518262,33802270,30515349,1,0.26,0.14,1,1,8.88,310.38,31.96,33.19,0,23.1,175.46,165.42,174.94,165.19,234952.46
Alivus Life,543322,ALIVUS,INE03Q201024,Pharmaceuticals & Biotechnology,Pharmaceuticals,882.35,25.24,4.71,12.53,3.98,24.92,27.64,0.74,2.99,0.05,0.25,-0.49,4.26,1,0.12,7,-0.05,0.26,0.84,1,0,0.25,-2.03,-4.15,0,0,0,1,1.05,0,0,5,2,0.12,0,0,41748,51048,46984,0,0.03,0.19,0,0,16,36.41,20.41,74.91,-0.03,30.36,903.75,952.57,904.63,953.28,10824.79
P I Industries,523642,PIIND,INE603J01030,Fertilizers & Agrochemicals,Pesticides & Agrochemicals,3267.9,-14.79,25.37,-5.9,14.61,22.86,22.85,0.67,1.01,0.05,0.24,-0.45,1.82,3,0.17,10,-0.33,0.22,0.3,1,0.21,2.08,0.56,-7.53,0,0,0,1,0.93,0,0,7,1,0.09,0,0,128500,209342,141001,1,-0.03,0.18,0,1,-15.7,-19.46,32.78,46.09,0,28.09,3354.62,3607.1,3358.15,3610.51,49579.96
Zensar Tech.,504067,ZENSARTECH,INE520A01027,IT - Software,Computers - Software & Consulting,715.1,7.99,15.08,9.16,7.56,21.28,20.31,0.6,1.01,0.07,0.24,-0.36,1.49,2,0.2,7,-0.33,0.24,0.56,1,0,0.8,-3.56,-8.52,0,0,0,1,1,0,0,6,2,0.03,0,0,440641,711816,465002,2,-0.04,0.07,0,1,8.66,17.02,23.22,49.01,-0.01,25.69,729.47,757.25,730.06,757.68,16263.55
ICICI Bank,532174,ICICIBANK,INE090A01021,Banks,Private Sector Bank,1410.8,7.64,26.65,7.46,25,7.87,7.26,0.32,1.02,0.08,0.06,-0.34,1.29,4,0.05,7,-0.28,0.06,0.6,1,0,0.46,4.19,1.47,0,1,0,0,0.88,0,0,7,2,0.05,0,0,12868777,13404318,11264640,0,-0.01,0.09,0,0,2.82,-2.68,19.05,0,0,15.46,1382.1,1371.59,1380.93,1371.2,1009029.69
Ujjivan Small,542904,UJJIVANSFB,INE551W01018,Banks,Other Bank,60.35,-64.17,55.51,4.47,31.21,8.53,10.08,0.26,1.02,0.06,0.07,-0.34,1.36,4,0.05,8,-0.41,0.08,0.38,1,0,1.7,11.64,17.73,0,1,0,0,1.03,0,1,6,2,0,0,0,21879494,17743260,15562096,0,-0.32,0.21,0,1,4.31,-47.77,28.06,0,0,23.43,54.34,48.52,54.09,48.4,11701.62
Motil.Oswal.Fin.,532892,MOTILALOFS,INE338I01027,Capital Markets,Stockbroking & Allied,850.95,-40.2,24.07,-14.62,24.73,18.67,17.48,0.63,1.01,0.08,0.25,-0.26,1.4,2,-0.05,7,-0.09,0.09,0.05,1,0,5.74,-1.11,-16.6,0,0,0,0,0.37,0,1,7,2,0.06,0,0,1245372,1448214,957037,0,-0.21,0.24,0,0,-34.91,-67.64,25.27,67.69,-0.11,20.56,883.8,869.03,885.14,869.21,51153.26
NTPC,532555,NTPC,INE733E01010,Power,Power Generation,346.35,7.6,8.41,1.67,12.35,9.95,9.99,0.29,1.01,0.1,0.3,-0.17,1.78,4,0.03,8,-0.08,0.24,0.19,1,0,3.08,8.27,1.29,0,1,0,0,0.8,0,0,3,3,0.1,0,0,16212324,13110425,11179677,0,-0.02,0.19,0,0,0.18,-3.94,14.14,51.1,0,25.67,333.23,336.48,332.7,336.38,335844.03
Yes Bank,532648,YESBANK,INE528G01035,Banks,Private Sector Bank,23.46,46.32,31.81,-1.9,17.58,6.36,5.71,0.13,3,0.06,0.06,-0.15,3.89,4,-0.01,7,-0.45,0.09,0.38,1,0,2.71,8.11,3.62,0,1,0,0,1.42,0,0,6,0,0.42,0,0,192322444,118163041,112761420,0,0.5,0.36,1,0,-3.58,54.44,23.19,0,0,15.46,22.28,21.24,22.23,21.22,73615.07
BLS Internat.,540073,BLS,INE153T01027,Leisure Services,"Tour, Travel Related Services",302.2,44.13,65.4,41.61,37.17,33.62,32.08,1.2,3.02,0.11,0.39,0.01,5.37,1,0.22,10,0.11,0.43,1.04,1,0,0.07,-7.1,-6.43,0,0,0,1,1.11,0,1,8,2,0.18,1,0,787386,2378526,1070630,0,0.1,0.23,0,1,48.81,26.77,20.67,70.39,0,41.53,318.33,347.02,318.98,347.47,12442.81
Federal Bank,500469,FEDERALBNK,INE171A01029,Banks,Private Sector Bank,270.25,1.4,28.35,5.48,25.03,7.03,6.62,0.24,3.01,0.09,0.07,0.05,4.22,4,0.02,10,-0.04,0.08,0.16,1,0,5.86,0.9,19.01,1,1,0,0,1.1,0,1,6,2,0.23,0,0,70740482,26268232,12314905,0,-0.01,0.39,0,1,1.32,15.88,16.25,0,0,15.46,252.11,222.81,251.37,222.33,66544.32
M R P L,500109,MRPL,INE103A01014,Petroleum Products,Refineries & Marketing,151.26,162.62,-73.05,-6.4,10.72,4.38,16.75,0.06,1.97,0.08,0,0.05,2.39,3,0.17,8,-0.33,0,0.2,1,0,8.66,2.05,-0.18,0,0,0,0,1.92,0,0,4,2,0.04,0,0,19060416,15132420,8711664,2,0.04,0.03,0,1,12.99,369.09,12.17,88.58,0,10.95,150.72,146.82,150.7,146.77,26509.81
Natl. Aluminium,532234,NATIONALUM,INE139A01034,Non - Ferrous Metals,Aluminium,361.6,119.36,21.3,30.8,5.7,43.96,24.97,1.21,3.05,0.23,0.37,0.07,6.79,4,0.11,10,0.15,0.56,0.31,1,0,3.89,29.84,59.98,0,1,0,1,1.5,0,0,6,3,0.61,0,0,17688946,22457536,21619416,2,0.8,0.48,0,0,7.27,36.71,10.86,51.28,0,31.49,294.32,235.31,291.57,234.04,66412.61
Oil India,533106,OIL,INE274J01014,Oil,Oil Exploration & Production,448.65,-28.75,5.61,-1.94,6.96,12.89,18.63,0.39,1.01,0.11,0.35,0.09,2.18,4,0,8,0.1,0.25,0.09,1,0,6.81,10.76,10.25,0,1,0,1,0.71,0,0,6,3,0.03,0,0,3851771,7892505,3218674,0,-0.19,0.17,0,0,15.83,-29.13,12.22,56.66,0,18.09,419.93,422.89,418.76,422.63,72977.76
Jindal Stain.,532508,JSL,INE220G01021,Ferrous Metals,Iron & Steel,813.3,12.46,-6.62,9.04,6.3,18.16,20.38,0.5,2.01,0.08,0.2,0.13,2.35,2,0.13,8,-0.37,0.22,0.17,1,0,5.33,1.38,3.62,0,1,0,0,1.1,0,0,4,1,0.04,0,0,766279,1038354,895987,0,0.01,0.06,0,1,11.41,29.87,24.3,61.23,0.13,23.1,791.98,739.12,791.11,738.37,67050.05
Hindalco Inds.,500440,HINDALCO,INE038A01020,Non - Ferrous Metals,Aluminium,934.65,37.26,6.4,13.19,6.93,14.8,12.42,0.39,3.01,0.13,0.41,0.2,4.93,4,0.04,8,0.34,0.5,0.26,1,0,3.74,9.7,18.86,0,1,0,1,1.22,0,0,5,2,0.19,0,0,4259153,6836666,6474994,0,0.26,0.14,0,0,13.5,14.25,11.72,34.64,0,31.49,859.28,760.42,856.2,758.67,210037.03
Bandhan Bank,541153,BANDHANBNK,INE545U01014,Banks,Private Sector Bank,144.84,-55.95,177.43,4.08,16.53,7.82,7.18,0.23,1.05,0.11,0.18,0.25,1.81,2,0.04,8,0,0.07,0.26,1,0,0.56,-3.5,-13.26,0,0,0,0,0.41,0,1,6,3,0.04,0,0,8337203,6020263,5440267,0,-0.3,0.26,0,0,-2.65,-88.07,19,40.29,-0.63,15.46,149.29,160.31,149.47,160.47,23333.31
Bank of Maha,532525,MAHABANK,INE457A01014,Banks,Public Sector Bank,66.53,22.87,68.79,19.31,24.21,5.72,5.26,0.36,3.07,0.24,0.28,0.34,4.56,4,0.02,9,0.24,0.32,0.15,1,0,6.48,16.09,11.61,0,1,0,0,1.16,0,0,7,2,0.26,1,0,29710330,50421540,27375781,0,0.08,0.38,0,1,16.12,27.44,7.9,73.6,-6,8.61,60.07,56.69,59.81,56.59,51171.92
Punjab Natl.Bank,532461,PNB,INE160A01022,Banks,Public Sector Bank,132.36,17.77,68.73,11.52,17.6,6.32,5.29,0.24,3.07,0.23,0.27,0.36,5.51,4,0,9,0.35,0.62,0.26,1,0,7.7,10.47,12.07,0,1,0,0,2.3,0,0,6,2,0.54,0,0,37945200,26006538,17949892,0,0.69,0.44,1,0,6.78,8.72,8.93,70.08,0,8.61,121.67,113.37,121.23,113.18,152120.6
GE Shipping Co,500620,GESHIP,INE017A01032,Transport Services,Shipping,1121.6,-29.99,47.03,-12.52,14.9,13.86,17.75,0.46,2.08,0.28,0.52,0.4,4.74,4,0.28,11,0.28,0.62,0.28,1,0,3.2,2.63,8.53,0,1,0,1,1.19,0,0,9,3,0.17,0,0,381329,398187,346667,2,-0.03,0.3,1,1,-8.32,28.01,8.97,30.07,0,13.14,1094.78,1040.62,1093.69,1039.81,16012.76
South Ind.Bank,532218,SOUTHBANK,INE683A01023,Banks,Private Sector Bank,43.99,11.34,207.59,3.71,12.64,6.5,5.97,0.24,3.15,0.31,0.23,0.42,5.4,4,-0.01,9,0.32,0.29,0.17,1,0,6.18,9.92,16.59,0,1,0,0,1.23,0,0,6,1,0.25,0,0,79582435,43916358,31485456,0,0.07,0.37,1,1,6.19,9.49,8.28,0,0,15.46,39,33.32,38.8,33.22,11512.86
Union Bank (I),532477,UNIONBANK,INE692A01016,Banks,Public Sector Bank,176.15,15.87,50.71,1.62,16.69,6.72,6.1,0.28,3.05,0.23,0.37,0.47,5.14,4,0.01,7,0.36,0.44,0.13,1,0,8.56,14.36,24.64,0,1,0,0,1.2,0,0,6,2,0.29,0,0,36958703,39849284,19805746,0,0.14,0.4,0,0,0.37,9.73,7.1,74.76,0,8.61,155.39,142.6,154.54,142.26,134465.96
Bank of India,532149,BANKINDIA,INE084A01016,Banks,Public Sector Bank,157.34,28.23,42.71,11.66,23.04,6.17,5.43,0.21,3.04,0.21,0.39,0.49,5.04,4,0,7,0.42,0.55,0.16,1,0,7.75,9.87,21.25,0,1,0,0,1.41,0,0,6,2,0.31,0,0,18363333,12512654,8871281,0,0.13,0.42,0,0,6.04,6.42,7.15,73.38,0,8.61,143.03,128.29,142.45,128,71631.68
LIC Housing Fin.,500253,LICHSGFIN,INE115A01026,Finance,Housing Finance Company,533.65,13.04,33.53,4.79,12.06,8.93,8.43,0.3,2.05,0.28,0.66,0.55,4.55,3,-0.11,7,0.41,0.7,0.5,1,0,1.09,0.23,-6.88,0,0,0,0,1.05,0,0,5,1,0.36,0,0,1086994,2387485,1347616,0,0.05,0.56,0,0,3.48,1.62,5.32,45.24,0,16.03,543.13,569.19,543.51,569.55,29354.11
J & K Bank,532209,J&KBANK,INE168A01041,Banks,Private Sector Bank,102.71,3.08,61.43,9.03,16.1,6.15,5.65,0.26,2.07,0.29,0.41,0.62,4.5,3,0,9,0.48,0.42,0.32,1,0,2.12,4.32,-3.73,0,1,0,0,1.01,0,0,6,2,0.24,0,0,3705746,2361920,2276463,0,0,0.4,1,0,5.42,-10.47,5.41,59.4,0,15.46,102.6,103.53,102.59,103.54,11310.25
O N G C,500312,ONGC,INE213A01029,Oil,Oil Exploration & Production,247.17,-13.11,-8.19,-1.48,7.61,12.04,14.57,0.32,2,0.16,0.52,0.66,3.64,4,0.1,9,0.34,0.55,0.16,1,0,5.59,6.13,-0.63,0,1,0,0,1.06,0,0,3,3,0,0,0,12571855,20303340,11616668,1,-0.1,0.07,0,1,-0.89,5.19,8.49,58.89,0,18.09,240.52,243.8,240.25,243.77,310946.76
H P C L,500104,HINDPETRO,INE094A01015,Petroleum Products,Refineries & Marketing,457.9,231.75,-2.07,-1.81,7.45,10.52,7.9,0.33,1.01,0.19,0.32,0.71,6.93,1,0.02,8,0.11,0.29,0.3,1,0,2.04,-2.52,1.09,0,0,0,0,0.9,0,0,2,3,1.9,0,0,8219317,5291884,4931265,1,4.82,-0.04,0,0,0.9,2605.05,6.99,54.9,0,10.95,462.6,429.69,462.79,429.41,97432.99
